ID,FIRST_NAME,LAST_NAME,ADDRESS,CITY,STATE,ZIP,PHONE
1,JOSE,DEVERO,1431 S MARSTON ST,PHILADELPHIA,PA,19121,4849415642
2,BOBBY,HARLESS,3107 N 17TH ST,PHILADELPHIA,PA,19121,7244525688
3,RAMON,TARVIN,82238 CHESTNUT ST,PHILADELPHIA,PA,19121,7248051572
4,JASON,BOODY,2233 N REESE ST,PHILADELPHIA,PA,19121,8782547708
5,EARL,FEROCE,537 TYSON AVE,PHILADELPHIA,PA,19121,4843224407
6,FRANK,HUBBARD,2913 MIFFLIN ST,PHILADELPHIA,PA,19121,8142040234
7,DAVID,LOONEY,829 CHURCH LA,PHILADELPHIA,PA,19121,7246781170
8,JAMES,COCHRAN,1904 CECIL B MOORE AVE,PHILADELPHIA,PA,19121,5708095189
9,JASON,HUGHES,1217 W SILVER ST,PHILADELPHIA,PA,19121,6102896190
10,JOSE,SMITH,1721 67TH AVE,PHILADELPHIA,PA,19121,8356871081
11,DAVID,LOONEY,829 CHURCH LA,PHILADELPHIA,PA,19121,7246781170
12,TYLER,ONSTOTT,1147 LEVICK ST,PHILADELPHIA,PA,19121,4122011612
13,ROBERT,HOPKINS,509 ELLSWORTH ST,PHILADELPHIA,PA,19121,2678167420
14,MICHAEL,GRANT,1710 BENSON ST,PHILADELPHIA,PA,19121,7174110919
15,DAVID,ELKIN,1301 E HUNTING PARK AVE,PHILADELPHIA,PA,19121,8354417097
16,BLAINE,SHAW,11849 BRANDON RD,PHILADELPHIA,PA,19121,8357096363
17,JAMES,ABELING,320 PENSDALE ST,PHILADELPHIA,PA,19121,8353589117
18,DAVID,ELKIN,1301 E HUNTING PARK AVE,PHILADELPHIA,PA,19121,8354417097
19,KEN,LONG,210 E GIRARD AVE,PHILADELPHIA,PA,19121,4124238039
20,JAMES,PAINTER,7028 VANDIKE ST,PHILADELPHIA,PA,19121,5707873746
21,WADE,SMITH,3009 N 23RD ST,PHILADELPHIA,PA,19121,7249120004
22,DONALD,ROBERTS,2716 N 22ND ST,PHILADELPHIA,PA,19121,6105662108
23,JON,LEPORE,4318 BLAKISTON ST,PHILADELPHIA,PA,19121,8786722524
24,DONNIE,TUCKER,2403 N BOUVIER ST,PHILADELPHIA,PA,19121,2155222666
25,DUANE,HUNT,2451 STEWART ST,PHILADELPHIA,PA,19121,4129268911
26,JASON,SHELDON,867 N OPAL ST,PHILADELPHIA,PA,19121,8144995262
27,STEVEN,WILLIAMS,1363 KIMBERLY DR,PHILADELPHIA,PA,19121,4452736692
28,DUANE,HUNT,2451 STEWART ST,PHILADELPHIA,PA,19121,4129268911
29,SCOTT,MAHAR,752 S 08TH ST,PHILADELPHIA,PA,19121,8782383512
30,ROBERT,MCDANIEL,1218 W WYOMING AVE,PHILADELPHIA,PA,19121,5707797127
31,ROGER,BENNETT,812 S SWANSON ST,PHILADELPHIA,PA,19121,7176017782
32,JAMES,TAYLOE,7600 E ROOSEVELT BLV,PHILADELPHIA,PA,19121,5707300008
33,JOHN,GOSS,8619 COLONY DR,PHILADELPHIA,PA,19121,8785555889
34,NELSON,HARTGRAVES,3209 BELGREEN RD,PHILADELPHIA,PA,19121,4849166859
35,JAMES,TAYLOE,7600 E ROOSEVELT BLV,PHILADELPHIA,PA,19121,5707300008
36,KENNETH,SHAW,1526 S LAMBERT ST,PHILADELPHIA,PA,19121,2674133271
37,KENNETH,BYERS,2833 STEVENS ST,PHILADELPHIA,PA,19121,2152497678
38,KEVIN,SLONAKER,6603 HARLEY AVE,PHILADELPHIA,PA,19121,2676028711
39,JOHNATHON,WILLIAMS,6138 OSAGE AVE,PHILADELPHIA,PA,19121,8142667075
40,BRIAN,COPPINGER,2022 NAUDAIN ST,PHILADELPHIA,PA,19121,8144704805
41,HENRY,PARKS,4312 M ST,PHILADELPHIA,PA,19121,4845777679
42,SAMUEL,MOORE,8262 FORREST AVE,PHILADELPHIA,PA,19121,8788618693
43,JAIME,COLEY,2349 N 06TH ST,PHILADELPHIA,PA,19121,8354796041
44,HENRY,PARKS,4312 M ST,PHILADELPHIA,PA,19121,4845777679
45,JASON,ELLEDGE,1016 OREGON AVE,PHILADELPHIA,PA,19121,8359674648
46,MARVIN,MARTIN,529 FERNON ST,PHILADELPHIA,PA,19121,8149989071
47,JOHN,SHERMAN,5141 CHARLES ST,PHILADELPHIA,PA,19121,5702732030
48,JOSE,ZIELINSKI,4221 OLIVE ST,PHILADELPHIA,PA,19121,8357956474
49,GENE,PEAKE,3546 N SMEDLEY ST,PHILADELPHIA,PA,19121,8146183537
50,GEORGE,JOHNSON,8133 ANGELO PL,PHILADELPHIA,PA,19121,4125309151
51,MICHAEL,KENDALL,4432 MALTA ST,PHILADELPHIA,PA,19121,8148065248
52,JOHNNY,COUGHLIN,1918 POPLAR ST,PHILADELPHIA,PA,19121,4844888235
53,JOSE,ZIELINSKI,4221 OLIVE ST,PHILADELPHIA,PA,19121,8357956474
54,JOHNNY,MINASIAN,635 E THAYER ST,PHILADELPHIA,PA,19121,2159824511
55,BENTON,MAULSBY,2453 S HUTCHINSON ST,PHILADELPHIA,PA,19121,8357478129
56,CHARLES,PULIS,2622 S BOUVIER ST,PHILADELPHIA,PA,19121,8143845836
57,AMANDA,HANENBERGER,6500 E WISTER ST,PHILADELPHIA,PA,19121,4129067429
58,AMY,JOHNSON,2040 N LEITHGOW ST,PHILADELPHIA,PA,19121,6103900625
59,MARY,ZEIGLER,4360 CRESSON ST,PHILADELPHIA,PA,19121,2155521074
60,AMANDA,HANENBERGER,6500 E WISTER ST,PHILADELPHIA,PA,19121,4129067429
61,DARLENE,BRADLEY,1353 KIMBERLY DR,PHILADELPHIA,PA,19121,8147217503
62,MARILYN,SKORUP,1933 RIDGE AVE,PHILADELPHIA,PA,19121,7175347641
63,CARRIE,BAKER,4304 COMLY ST,PHILADELPHIA,PA,19121,2159236200
64,MARIBEL,HAVERY,4831 WALNUT ST,PHILADELPHIA,PA,19121,2155407489
65,TONI,BLANCHARD,348 N SALFORD ST,PHILADELPHIA,PA,19121,6104809337
66,ISABELLA,WILSON,1814 E SCHILLER ST,PHILADELPHIA,PA,19121,2152342102
67,KATHLEEN,WULF,210 E HIGHLAND AVE,PHILADELPHIA,PA,19121,4848742779
68,DORA,HAUGHEY,1419 N 21ST ST,PHILADELPHIA,PA,19121,4453775696
69,MARIBEL,HAVERY,4831 WALNUT ST,PHILADELPHIA,PA,19121,2155407489
70,LAVERNE,LINDEN,9601 MILNOR ST,PHILADELPHIA,PA,19121,2678529996
71,KATHRYN,ATCHISON,3444 KEIM ST,PHILADELPHIA,PA,19121,2672156025
72,ROSIE,TERRILL,2222 SUMMER ST,PHILADELPHIA,PA,19121,8352976715
73,SHANNON,BOOTH,4222 PARRISH ST,PHILADELPHIA,PA,19121,7244793886
74,JOYCE,BAKER,335 RITNER ST,PHILADELPHIA,PA,19121,2159838257
75,PAULINE,BAKER,3020 D ST,PHILADELPHIA,PA,19121,8356814684
76,SANDRA,DOYLE,661921 HAVERFORD AVE,PHILADELPHIA,PA,19121,8353575676
77,JOYCE,BAKER,335 RITNER ST,PHILADELPHIA,PA,19121,2159838257
78,MARTHA,HONAKER,1422 S 31ST ST,PHILADELPHIA,PA,19121,4126141131
79,DOROTHY,SHELTON,5258 DELANCEY ST,PHILADELPHIA,PA,19121,4456184071
80,CECILIA,GIBSON,4910 CONVENT LA,PHILADELPHIA,PA,19121,4124008987
81,APRIL,HARDIN,1347 S 54TH ST,PHILADELPHIA,PA,19121,8147568787
82,KYLIE,THOMAS,334 KINGSLEY ST,PHILADELPHIA,PA,19121,4454221899
83,ELIDA,RASCH,9324 MARSDEN ST,PHILADELPHIA,PA,19121,5709381557
84,JOANNE,RUDERMAN,4408 TEESDALE ST,PHILADELPHIA,PA,19121,8786405313
85,AMANDA,LEWIS,3316 N 13TH ST,PHILADELPHIA,PA,19121,8784584290
86,MARIA,GLORIA,3309 MASCHER ST,PHILADELPHIA,PA,19121,2153381194
87,BERNIE,WHELAN,5023 WALNUT ST,PHILADELPHIA,PA,19121,4455072845
88,TASHA,BRASHER,1733 MOORE ST,PHILADELPHIA,PA,19121,6103487897
89,MICHELLE,GOODMAN,614 S 55TH ST,PHILADELPHIA,PA,19121,5705143369
90,KYLIE,THOMAS,334 KINGSLEY ST,PHILADELPHIA,PA,19121,4454221899
91,EMMA,HENDERSON,1304 DIVINITY ST,PHILADELPHIA,PA,19121,7243134210
92,SHIRLEY,WELLER,6138 GILLESPIE ST,PHILADELPHIA,PA,19121,7176928179
93,PAMELA,MITCHELL,112 N 02ND ST,PHILADELPHIA,PA,19121,8357168200
94,CHERYL,WHITE,2064 E CAMBRIA ST,PHILADELPHIA,PA,19121,7174655723
95,ANGIE,DAVIS,116 QUARRY ST,PHILADELPHIA,PA,19121,2159556145
96,KIMBERLY,MYERS,8117 WILLIAMS AVE,PHILADELPHIA,PA,19121,8142521109
97,MISTIE,BAKER,5109 WALKER ST,PHILADELPHIA,PA,19121,7172151343
98,LORY,ASTON,2232 S FAIRHILL ST,PHILADELPHIA,PA,19121,8149163930
99,JENNIFER,HEBERT,1412 KERBAUGH ST,PHILADELPHIA,PA,19121,4124733804
100,JENNIFER,COWGER,530 S SALFORD ST,PHILADELPHIA,PA,19121,8142801861
101,NORMA,TANNENBAUM,1836 S 56TH ST,PHILADELPHIA,PA,19121,7175555686
102,JANNA,WATSON,49799 CONARROE ST,PHILADELPHIA,PA,19121,2677682890
103,KIMBERLY,THOMPSON,1050 EDISON AVE,PHILADELPHIA,PA,19121,4847764212
104,SHIRLEY,WELLER,6138 GILLESPIE ST,PHILADELPHIA,PA,19121,7176928179
105,JANICE,FISH,1901 RUAN ST,PHILADELPHIA,PA,19121,8146550045
106,MARY,CLARK,3874 KIPLING PL,PHILADELPHIA,PA,19121,7243913987
107,PATRICIA,HEALEY,3953 N 09TH ST,PHILADELPHIA,PA,19121,8143218020
108,JEANINE,MARK,4445 ALMOND ST,PHILADELPHIA,PA,19121,7243509760
109,KIM,SIEGFRIED,2725 E LEHIGH AVE,PHILADELPHIA,PA,19121,8355227545
110,DARCY,MELLO,6950 CLIFF RD,PHILADELPHIA,PA,19121,2673427346
111,NORMA,TANNENBAUM,1836 S 56TH ST,PHILADELPHIA,PA,19121,7175555686
112,SARAH,HUBBARD,220 LOCUST ST,PHILADELPHIA,PA,19121,4125304783
