ID,FIRST_NAME,LAST_NAME,ADDRESS,CITY,STATE,ZIP,PHONE,Exam1,Exam2,Exam3,Exam4
1,JOSE,DEVERO,1431 S MARSTON ST,PHILADELPHIA,PA,19121,4849415642,97,70,65,69
2,BOBBY,HARLESS,3107 N 17TH ST,PHILADELPHIA,PA,19121,7244525688,68,56,36,50
3,RAMON,TARVIN,82238 CHESTNUT ST,PHILADELPHIA,PA,19121,7248051572,71,66,87,97
4,JASON,BOODY,2233 N REESE ST,PHILADELPHIA,PA,19121,8782547708,90,65,74,80
5,EARL,FEROCE,537 TYSON AVE,PHILADELPHIA,PA,19121,4843224407,75,43,92,94
6,FRANK,HUBBARD,2913 MIFFLIN ST,PHILADELPHIA,PA,19121,8142040234,100,75,70,47
7,DAVID,LOONEY,829 CHURCH LA,PHILADELPHIA,PA,19121,7246781170,61,71,77,76
8,JAMES,COCHRAN,1904 CECIL B MOORE AVE,PHILADELPHIA,PA,19121,5708095189,80,41,82,95
9,JASON,HUGHES,1217 W SILVER ST,PHILADELPHIA,PA,19121,6102896190,100,35,85,79
10,JOSE,SMITH,1721 67TH AVE,PHILADELPHIA,PA,19121,8356871081,69,47,47,71
11,DAVID,LOONEY,829 CHURCH LA,PHILADELPHIA,PA,19121,7246781170,100,64,67,59
12,TYLER,ONSTOTT,1147 LEVICK ST,PHILADELPHIA,PA,19121,4122011612,74,37,78,70
13,ROBERT,HOPKINS,509 ELLSWORTH ST,PHILADELPHIA,PA,19121,2678167420,70,81,79,81
14,MICHAEL,GRANT,1710 BENSON ST,PHILADELPHIA,PA,19121,7174110919,40,99,93,44
15,DAVID,ELKIN,1301 E HUNTING PARK AVE,PHILADELPHIA,PA,19121,8354417097,54,92,84,92
16,BLAINE,SHAW,11849 BRANDON RD,PHILADELPHIA,PA,19121,8357096363,100,82,30,75
17,JAMES,ABELING,320 PENSDALE ST,PHILADELPHIA,PA,19121,8353589117,38,96,52,81
18,DAVID,ELKIN,1301 E HUNTING PARK AVE,PHILADELPHIA,PA,19121,8354417097,100,65,93,70
19,KEN,LONG,210 E GIRARD AVE,PHILADELPHIA,PA,19121,4124238039,90,86,85,72
20,JAMES,PAINTER,7028 VANDIKE ST,PHILADELPHIA,PA,19121,5707873746,76,82,25,65
21,WADE,SMITH,3009 N 23RD ST,PHILADELPHIA,PA,19121,7249120004,69,35,73,59
22,DONALD,ROBERTS,2716 N 22ND ST,PHILADELPHIA,PA,19121,6105662108,79,92,59,62
23,JON,LEPORE,4318 BLAKISTON ST,PHILADELPHIA,PA,19121,8786722524,44,54,79,59
24,DONNIE,TUCKER,2403 N BOUVIER ST,PHILADELPHIA,PA,19121,2155222666,100,64,65,34
25,DUANE,HUNT,2451 STEWART ST,PHILADELPHIA,PA,19121,4129268911,100,100,29,65
26,JASON,SHELDON,867 N OPAL ST,PHILADELPHIA,PA,19121,8144995262,86,60,59,91
27,STEVEN,WILLIAMS,1363 KIMBERLY DR,PHILADELPHIA,PA,19121,4452736692,47,68,81,88
28,DUANE,HUNT,2451 STEWART ST,PHILADELPHIA,PA,19121,4129268911,53,72,36,53
29,SCOTT,MAHAR,752 S 08TH ST,PHILADELPHIA,PA,19121,8782383512,61,48,79,55
30,ROBERT,MCDANIEL,1218 W WYOMING AVE,PHILADELPHIA,PA,19121,5707797127,46,51,61,71
31,ROGER,BENNETT,812 S SWANSON ST,PHILADELPHIA,PA,19121,7176017782,52,20,87,72
32,JAMES,TAYLOE,7600 E ROOSEVELT BLV,PHILADELPHIA,PA,19121,5707300008,53,66,79,93
33,JOHN,GOSS,8619 COLONY DR,PHILADELPHIA,PA,19121,8785555889,50,72,91,92
34,NELSON,HARTGRAVES,3209 BELGREEN RD,PHILADELPHIA,PA,19121,4849166859,21,63,57,39
35,JAMES,TAYLOE,7600 E ROOSEVELT BLV,PHILADELPHIA,PA,19121,5707300008,92,81,83,63
36,KENNETH,SHAW,1526 S LAMBERT ST,PHILADELPHIA,PA,19121,2674133271,82,100,88,98
37,KENNETH,BYERS,2833 STEVENS ST,PHILADELPHIA,PA,19121,2152497678,83,72,75,34
38,KEVIN,SLONAKER,6603 HARLEY AVE,PHILADELPHIA,PA,19121,2676028711,100,56,71,53
39,JOHNATHON,WILLIAMS,6138 OSAGE AVE,PHILADELPHIA,PA,19121,8142667075,71,93,52,63
40,BRIAN,COPPINGER,2022 NAUDAIN ST,PHILADELPHIA,PA,19121,8144704805,90,86,90,97
41,HENRY,PARKS,4312 M ST,PHILADELPHIA,PA,19121,4845777679,48,79,62,75
42,SAMUEL,MOORE,8262 FORREST AVE,PHILADELPHIA,PA,19121,8788618693,76,69,74,78
43,JAIME,COLEY,2349 N 06TH ST,PHILADELPHIA,PA,19121,8354796041,100,98,74,56
44,HENRY,PARKS,4312 M ST,PHILADELPHIA,PA,19121,4845777679,100,73,65,69
45,JASON,ELLEDGE,1016 OREGON AVE,PHILADELPHIA,PA,19121,8359674648,13,51,59,56
46,MARVIN,MARTIN,529 FERNON ST,PHILADELPHIA,PA,19121,8149989071,60,47,67,100
47,JOHN,SHERMAN,5141 CHARLES ST,PHILADELPHIA,PA,19121,5702732030,100,74,66,52
48,JOSE,ZIELINSKI,4221 OLIVE ST,PHILADELPHIA,PA,19121,8357956474,99,70,46,25
49,GENE,PEAKE,3546 N SMEDLEY ST,PHILADELPHIA,PA,19121,8146183537,94,88,95,60
50,GEORGE,JOHNSON,8133 ANGELO PL,PHILADELPHIA,PA,19121,4125309151,55,60,73,51
51,MICHAEL,KENDALL,4432 MALTA ST,PHILADELPHIA,PA,19121,8148065248,44,83,74,73
52,JOHNNY,COUGHLIN,1918 POPLAR ST,PHILADELPHIA,PA,19121,4844888235,89,80,54,54
53,JOSE,ZIELINSKI,4221 OLIVE ST,PHILADELPHIA,PA,19121,8357956474,100,69,54,99
54,JOHNNY,MINASIAN,635 E THAYER ST,PHILADELPHIA,PA,19121,2159824511,49,66,53,73
55,BENTON,MAULSBY,2453 S HUTCHINSON ST,PHILADELPHIA,PA,19121,8357478129,55,60,80,94
56,CHARLES,PULIS,2622 S BOUVIER ST,PHILADELPHIA,PA,19121,8143845836,82,72,53,36
57,AMANDA,HANENBERGER,6500 E WISTER ST,PHILADELPHIA,PA,19121,4129067429,67,31,72,46
58,AMY,JOHNSON,2040 N LEITHGOW ST,PHILADELPHIA,PA,19121,6103900625,66,87,60,81
59,MARY,ZEIGLER,4360 CRESSON ST,PHILADELPHIA,PA,19121,2155521074,76,55,51,68
60,AMANDA,HANENBERGER,6500 E WISTER ST,PHILADELPHIA,PA,19121,4129067429,76,72,58,100
61,DARLENE,BRADLEY,1353 KIMBERLY DR,PHILADELPHIA,PA,19121,8147217503,73,71,61,21
62,MARILYN,SKORUP,1933 RIDGE AVE,PHILADELPHIA,PA,19121,7175347641,79,80,64,27
63,CARRIE,BAKER,4304 COMLY ST,PHILADELPHIA,PA,19121,2159236200,71,97,48,66
64,MARIBEL,HAVERY,4831 WALNUT ST,PHILADELPHIA,PA,19121,2155407489,100,48,98,56
65,TONI,BLANCHARD,348 N SALFORD ST,PHILADELPHIA,PA,19121,6104809337,75,65,53,80
66,ISABELLA,WILSON,1814 E SCHILLER ST,PHILADELPHIA,PA,19121,2152342102,76,100,78,78
67,KATHLEEN,WULF,210 E HIGHLAND AVE,PHILADELPHIA,PA,19121,4848742779,72,48,71,77
68,DORA,HAUGHEY,1419 N 21ST ST,PHILADELPHIA,PA,19121,4453775696,31,63,30,62
69,MARIBEL,HAVERY,4831 WALNUT ST,PHILADELPHIA,PA,19121,2155407489,95,62,89,100
70,LAVERNE,LINDEN,9601 MILNOR ST,PHILADELPHIA,PA,19121,2678529996,100,76,89,49
71,KATHRYN,ATCHISON,3444 KEIM ST,PHILADELPHIA,PA,19121,2672156025,84,33,61,75
72,ROSIE,TERRILL,2222 SUMMER ST,PHILADELPHIA,PA,19121,8352976715,74,48,80,50
73,SHANNON,BOOTH,4222 PARRISH ST,PHILADELPHIA,PA,19121,7244793886,89,100,91,70
74,JOYCE,BAKER,335 RITNER ST,PHILADELPHIA,PA,19121,2159838257,52,45,68,67
75,PAULINE,BAKER,3020 D ST,PHILADELPHIA,PA,19121,8356814684,57,56,81,87
76,SANDRA,DOYLE,661921 HAVERFORD AVE,PHILADELPHIA,PA,19121,8353575676,50,68,96,100
77,JOYCE,BAKER,335 RITNER ST,PHILADELPHIA,PA,19121,2159838257,79,77,69,50
78,MARTHA,HONAKER,1422 S 31ST ST,PHILADELPHIA,PA,19121,4126141131,55,61,62,66
79,DOROTHY,SHELTON,5258 DELANCEY ST,PHILADELPHIA,PA,19121,4456184071,57,88,42,53
80,CECILIA,GIBSON,4910 CONVENT LA,PHILADELPHIA,PA,19121,4124008987,56,80,59,72
81,APRIL,HARDIN,1347 S 54TH ST,PHILADELPHIA,PA,19121,8147568787,74,47,79,82
82,KYLIE,THOMAS,334 KINGSLEY ST,PHILADELPHIA,PA,19121,4454221899,81,67,67,67
83,ELIDA,RASCH,9324 MARSDEN ST,PHILADELPHIA,PA,19121,5709381557,75,54,42,76
84,JOANNE,RUDERMAN,4408 TEESDALE ST,PHILADELPHIA,PA,19121,8786405313,69,51,88,88
85,AMANDA,LEWIS,3316 N 13TH ST,PHILADELPHIA,PA,19121,8784584290,55,79,71,100
86,MARIA,GLORIA,3309 MASCHER ST,PHILADELPHIA,PA,19121,2153381194,62,60,95,84
87,BERNIE,WHELAN,5023 WALNUT ST,PHILADELPHIA,PA,19121,4455072845,61,81,42,62
88,TASHA,BRASHER,1733 MOORE ST,PHILADELPHIA,PA,19121,6103487897,68,49,62,68
89,MICHELLE,GOODMAN,614 S 55TH ST,PHILADELPHIA,PA,19121,5705143369,59,81,92,57
90,KYLIE,THOMAS,334 KINGSLEY ST,PHILADELPHIA,PA,19121,4454221899,100,69,83,95
91,EMMA,HENDERSON,1304 DIVINITY ST,PHILADELPHIA,PA,19121,7243134210,84,92,31,95
92,SHIRLEY,WELLER,6138 GILLESPIE ST,PHILADELPHIA,PA,19121,7176928179,86,68,60,47
93,PAMELA,MITCHELL,112 N 02ND ST,PHILADELPHIA,PA,19121,8357168200,56,36,57,53
94,CHERYL,WHITE,2064 E CAMBRIA ST,PHILADELPHIA,PA,19121,7174655723,66,77,90,70
95,ANGIE,DAVIS,116 QUARRY ST,PHILADELPHIA,PA,19121,2159556145,47,93,96,95
96,KIMBERLY,MYERS,8117 WILLIAMS AVE,PHILADELPHIA,PA,19121,8142521109,80,43,62,50
97,MISTIE,BAKER,5109 WALKER ST,PHILADELPHIA,PA,19121,7172151343,74,72,48,46
98,LORY,ASTON,2232 S FAIRHILL ST,PHILADELPHIA,PA,19121,8149163930,41,100,100,47
99,JENNIFER,HEBERT,1412 KERBAUGH ST,PHILADELPHIA,PA,19121,4124733804,90,51,79,70
100,JENNIFER,COWGER,530 S SALFORD ST,PHILADELPHIA,PA,19121,8142801861,95,58,75,34
101,NORMA,TANNENBAUM,1836 S 56TH ST,PHILADELPHIA,PA,19121,7175555686,69,48,44,63
102,JANNA,WATSON,49799 CONARROE ST,PHILADELPHIA,PA,19121,2677682890,78,67,80,58
103,KIMBERLY,THOMPSON,1050 EDISON AVE,PHILADELPHIA,PA,19121,4847764212,67,69,32,77
104,SHIRLEY,WELLER,6138 GILLESPIE ST,PHILADELPHIA,PA,19121,7176928179,77,100,85,52
105,JANICE,FISH,1901 RUAN ST,PHILADELPHIA,PA,19121,8146550045,39,69,47,90
106,MARY,CLARK,3874 KIPLING PL,PHILADELPHIA,PA,19121,7243913987,84,76,100,37
107,PATRICIA,HEALEY,3953 N 09TH ST,PHILADELPHIA,PA,19121,8143218020,93,93,88,59
108,JEANINE,MARK,4445 ALMOND ST,PHILADELPHIA,PA,19121,7243509760,93,77,71,85
109,KIM,SIEGFRIED,2725 E LEHIGH AVE,PHILADELPHIA,PA,19121,8355227545,66,84,51,100
110,DARCY,MELLO,6950 CLIFF RD,PHILADELPHIA,PA,19121,2673427346,71,72,91,84
111,NORMA,TANNENBAUM,1836 S 56TH ST,PHILADELPHIA,PA,19121,7175555686,53,82,68,43
112,SARAH,HUBBARD,220 LOCUST ST,PHILADELPHIA,PA,19121,4125304783,81,72,62,46